{"coatnet_2_rw_224.sw_in12k_ft_in1k": {"train": [0.1997821568973302, 0.1871876567390149, 0.18233351557311125, 0.17903505791493549, 0.17650830835800588, 0.17452107934826394, 0.1726493691109363, 0.1709532242018457, 0.1694712277910695, 0.16789862765756444, 0.1929869474828001, 0.18329633071458315], "val": [0.1898340391655734, 0.1827909772576721, 0.1782858256023204, 0.1754048604214954, 0.17820706298618122, 0.17432656012432174, 0.1753572521915356, 0.17408324597771604, 0.1740273267144424, 0.17275329368313513, 0.18809606555069602, 0.17637318792904533], "val_auroc": [0.7672640224257423, 0.7901022858726269, 0.8027616487624705, 0.8150555488454939, 0.8199999675913848, 0.8241469545922746, 0.8232174939362527, 0.824171440146808, 0.8247924053452266, 0.8347693861119775, 0.7556717702903814, 0.8100733412333044]}, "convnext_large.fb_in22k": {"train": [0.1853202522126579, 0.1721720896487132, 0.16425397187713686, 0.1532397728731356], "val": [0.17944962808559106, 0.17170780347281156, 0.17354269414262977, 0.17502302262758793], "val_auroc": [0.813276205825396, 0.8321264672038086, 0.8315283092771218, 0.8246733560817565]}, "densenet121": {"train": [0.1933830983679348, 0.1803058745082074, 0.1758296739204022, 0.1724618488150399, 0.16980295752107008, 0.16673459559073292, 0.16408587914732534], "val": [0.17836539751611824, 0.17579463165968137, 0.17538532760903933, 0.17596783500359675, 0.1737670644543805, 0.17591761758139488, 0.17479525796993267], "val_auroc": [0.8027574844545714, 0.8164465047894893, 0.8193559181427968, 0.8242202660036835, 0.8246800862451652, 0.8243887963524078, 0.8245606666957255]}, "maxvit_rmlp_base_rw_224.sw_in12k_ft_in1k": {"train": [0.1885429985987825, 0.17740757271223437, 0.1727397783757831, 0.16874866636727398, 0.164588191188357, 0.16034480724635164, 0.15553262338678284], "val": [0.17725034245441473, 0.17763601792543088, 0.17410527648360924, 0.17307024895007786, 0.17219201261773273, 0.1718690693188935, 0.17532263103693854], "val_auroc": [0.8071967636559589, 0.8159115962864883, 0.8271714253520469, 0.8293760144337752, 0.8343900928404652, 0.8327900594611596, 0.8287720844910066]}, "swin_large_patch4_window7_224": {"train": [0.19228523142817544, 0.18145997345417253, 0.17695026405503958, 0.17359776122540962, 0.17053653580038164, 0.1674912861669512, 0.1640263506362775, 0.16015959384707296, 0.15594851783878072], "val": [0.1824769209041585, 0.1779912072342149, 0.1789506252186351, 0.176307970709384, 0.17526659445274015, 0.17524589041551186, 0.1766429058097433, 0.17782502730788532, 0.1807858573765559], "val_auroc": [0.7958337085761703, 0.807216841183169, 0.8149827142467863, 0.8210268978909574, 0.8159671281326087, 0.8225604207199985, 0.8232031214862786, 0.8160026354597759, 0.8230576903547698]}, "vgg19.tv_in1k": {"train": [0.20096200149566903, 0.19263004133689815, 0.18811268009457405, 0.18474002505342166, 0.1819410307787177, 0.17992139879038663, 0.17819133586651548, 0.17638021724949765, 0.1746614048984356, 0.17344715797637658, 0.17208987500942577], "val": [0.19370549712275956, 0.18704600617571107, 0.18597412472428365, 0.18165528146430937, 0.18176700102793442, 0.17911536223255098, 0.17675079233662852, 0.1766637214134599, 0.17744539768792428, 0.17771505150229258, 0.17985348500917817], "val_auroc": [0.7377297518141801, 0.7638103272427557, 0.7745412567187748, 0.788306743321046, 0.7905293029014998, 0.7974933943082401, 0.802896575658803, 0.8076342773970147, 0.8082508771544461, 0.8040623914604365, 0.8020815290467591]}}