val_auroc,val_aurocs_epoch,test_auroc,model_path,final_train_loss,train_loss_history,val_loss_history,val_No Finding,test_No Finding,val_Atelectasis,test_Atelectasis,val_Cardiomegaly,test_Cardiomegaly,val_Effusion,test_Effusion,val_Infiltration,test_Infiltration,val_Mass,test_Mass,val_Nodule,test_Nodule,val_Pneumonia,test_Pneumonia,val_Pneumothorax,test_Pneumothorax,val_Consolidation,test_Consolidation,val_Edema,test_Edema,val_Emphysema,test_Emphysema,val_Fibrosis,test_Fibrosis,val_Pleural_Thickening,test_Pleural_Thickening,val_Hernia,test_Hernia
0.8100733412333044,"[0.7672640224257423, 0.7901022858726269, 0.8027616487624705, 0.8150555488454939, 0.8199999675913848, 0.8241469545922746, 0.8232174939362527, 0.824171440146808, 0.8247924053452266, 0.8347693861119775, 0.7556717702903814, 0.8100733412333044]",0.8194151812035049,/student/csc490_project/shared/training_gamma/training_gamma_1.2/coatnet_2_rw_224.sw_in12k_ft_in1k.pt,0.18329633071458315,"[0.1997821568973302, 0.1871876567390149, 0.18233351557311125, 0.17903505791493549, 0.17650830835800588, 0.17452107934826394, 0.1726493691109363, 0.1709532242018457, 0.1694712277910695, 0.16789862765756444, 0.1929869474828001, 0.18329633071458315]","[0.1898340391655734, 0.1827909772576721, 0.1782858256023204, 0.1754048604214954, 0.17820706298618122, 0.17432656012432174, 0.1753572521915356, 0.17408324597771604, 0.1740273267144424, 0.17275329368313513, 0.18809606555069602, 0.17637318792904533]",0.7827129033495249,0.7845962641800359,0.8122832387971213,0.8031363920343813,0.8612155676493429,0.8719239059576984,0.8801169590643275,0.8791509578661175,0.7073882174700412,0.7107671749727523,0.849628029301238,0.8402054409967884,0.741288726094638,0.7551160810683838,0.6826485678084041,0.762549141354442,0.8741687101962761,0.862117814730884,0.7797695269021434,0.7953376663814472,0.8793486806915662,0.8914083545647857,0.9027590569598767,0.9118788731524291,0.7682432771796546,0.7768080653587657,0.7839879810765886,0.8042258920831366,0.8455406759588229,0.842005693350524
