val_auroc,val_aurocs_epoch,test_auroc,model_path,final_train_loss,train_loss_history,val_loss_history,val_No Finding,test_No Finding,val_Atelectasis,test_Atelectasis,val_Cardiomegaly,test_Cardiomegaly,val_Effusion,test_Effusion,val_Infiltration,test_Infiltration,val_Mass,test_Mass,val_Nodule,test_Nodule,val_Pneumonia,test_Pneumonia,val_Pneumothorax,test_Pneumothorax,val_Consolidation,test_Consolidation,val_Edema,test_Edema,val_Emphysema,test_Emphysema,val_Fibrosis,test_Fibrosis,val_Pleural_Thickening,test_Pleural_Thickening,val_Hernia,test_Hernia
0.8246733560817565,"[0.813276205825396, 0.8321264672038086, 0.8315283092771218, 0.8246733560817565]",0.8354988298517395,/student/csc490_project/shared/training_gamma/training_gamma_1.2/convnext_large.fb_in22k.pt,0.1532397728731356,"[0.1853202522126579, 0.1721720896487132, 0.16425397187713686, 0.1532397728731356]","[0.17944962808559106, 0.17170780347281156, 0.17354269414262977, 0.17502302262758793]",0.7854409977038405,0.7869400821627303,0.825143128833297,0.8219702852453393,0.89031390778076,0.8982504300361854,0.8766077021068942,0.8807054172550359,0.7196193885531961,0.7197690659231648,0.8637648503838073,0.8666025602038698,0.7700064490127564,0.7827132939585782,0.6878837154785891,0.7439773617733388,0.8902971548794213,0.8764658876309842,0.7854903041999817,0.8067462175726269,0.8687787297961417,0.8928442280880644,0.9209806863495389,0.9181926094724385,0.8018086427687915,0.8235781950080578,0.7803581525522455,0.8182942592248131,0.903606530827083,0.8954325542208663
