val_auroc,val_aurocs_epoch,test_auroc,model_path,final_train_loss,train_loss_history,val_loss_history,val_No Finding,test_No Finding,val_Atelectasis,test_Atelectasis,val_Cardiomegaly,test_Cardiomegaly,val_Effusion,test_Effusion,val_Infiltration,test_Infiltration,val_Mass,test_Mass,val_Nodule,test_Nodule,val_Pneumonia,test_Pneumonia,val_Pneumothorax,test_Pneumothorax,val_Consolidation,test_Consolidation,val_Edema,test_Edema,val_Emphysema,test_Emphysema,val_Fibrosis,test_Fibrosis,val_Pleural_Thickening,test_Pleural_Thickening,val_Hernia,test_Hernia
0.8245606666957255,"[0.8027574844545714, 0.8164465047894893, 0.8193559181427968, 0.8242202660036835, 0.8246800862451652, 0.8243887963524078, 0.8245606666957255]",0.8311966672838476,/student/csc490_project/shared/training_gamma/training_gamma_1.2/densenet121.pt,0.16408587914732534,"[0.1933830983679348, 0.1803058745082074, 0.1758296739204022, 0.1724618488150399, 0.16980295752107008, 0.16673459559073292, 0.16408587914732534]","[0.17836539751611824, 0.17579463165968137, 0.17538532760903933, 0.17596783500359675, 0.1737670644543805, 0.17591761758139488, 0.17479525796993267]",0.7822491858388486,0.7841628612981156,0.816632904344188,0.8177377144157526,0.8833592325751918,0.8799903825053621,0.8784876362352124,0.878166245551637,0.7200410075439663,0.7170813994872536,0.8370947365383788,0.8548257729388349,0.7593773314445627,0.7641862764825218,0.7242337559829201,0.7684437796342289,0.8866198424296421,0.8816915513924646,0.7930222916602845,0.8030655375570336,0.8791586568430705,0.8999437261175423,0.9238221348877087,0.9160745681414721,0.7893785865753861,0.8240468948959144,0.8000160536447457,0.8051784345991838,0.8949166438917737,0.8733548642403972
