val_auroc,val_aurocs_epoch,test_auroc,model_path,final_train_loss,train_loss_history,val_loss_history,val_No Finding,test_No Finding,val_Atelectasis,test_Atelectasis,val_Cardiomegaly,test_Cardiomegaly,val_Effusion,test_Effusion,val_Infiltration,test_Infiltration,val_Mass,test_Mass,val_Nodule,test_Nodule,val_Pneumonia,test_Pneumonia,val_Pneumothorax,test_Pneumothorax,val_Consolidation,test_Consolidation,val_Edema,test_Edema,val_Emphysema,test_Emphysema,val_Fibrosis,test_Fibrosis,val_Pleural_Thickening,test_Pleural_Thickening,val_Hernia,test_Hernia
0.8287720844910066,"[0.8071967636559589, 0.8159115962864883, 0.8271714253520469, 0.8293760144337752, 0.8343900928404652, 0.8327900594611596, 0.8287720844910066]",0.8392573065848671,/student/csc490_project/shared/training_gamma/training_gamma_1.2/maxvit_rmlp_base_rw_224.sw_in12k_ft_in1k.pt,0.15553262338678284,"[0.1885429985987825, 0.17740757271223437, 0.1727397783757831, 0.16874866636727398, 0.164588191188357, 0.16034480724635164, 0.15553262338678284]","[0.17725034245441473, 0.17763601792543088, 0.17410527648360924, 0.17307024895007786, 0.17219201261773273, 0.1718690693188935, 0.17532263103693854]",0.7822681287383463,0.7845478003174461,0.8183746847012672,0.8185489060109682,0.8943161441597395,0.8981129568149071,0.8792210966293376,0.8781958118477334,0.7342307780555548,0.717715238707574,0.8466826259895202,0.8580828003294548,0.7683552877527444,0.7786126987869645,0.7247953270168338,0.7793460215425072,0.8745559052801475,0.871399287324466,0.80103370809464,0.8072556898838609,0.9035229315552196,0.9015086269453582,0.9226860589565509,0.9319620626142032,0.8084325010875182,0.8274604015090645,0.7825116140306013,0.8271398011871978,0.8905944753170771,0.9089714949513001
