val_auroc,val_aurocs_epoch,test_auroc,model_path,final_train_loss,train_loss_history,val_loss_history,val_No Finding,test_No Finding,val_Atelectasis,test_Atelectasis,val_Cardiomegaly,test_Cardiomegaly,val_Effusion,test_Effusion,val_Infiltration,test_Infiltration,val_Mass,test_Mass,val_Nodule,test_Nodule,val_Pneumonia,test_Pneumonia,val_Pneumothorax,test_Pneumothorax,val_Consolidation,test_Consolidation,val_Edema,test_Edema,val_Emphysema,test_Emphysema,val_Fibrosis,test_Fibrosis,val_Pleural_Thickening,test_Pleural_Thickening,val_Hernia,test_Hernia
0.8230576903547698,"[0.7958337085761703, 0.807216841183169, 0.8149827142467863, 0.8210268978909574, 0.8159671281326087, 0.8225604207199985, 0.8232031214862786, 0.8160026354597759, 0.8230576903547698]",0.8259795213553901,/student/csc490_project/shared/training_gamma/training_gamma_1.2/swin_large_patch4_window7_224.pt,0.15594851783878072,"[0.19228523142817544, 0.18145997345417253, 0.17695026405503958, 0.17359776122540962, 0.17053653580038164, 0.1674912861669512, 0.1640263506362775, 0.16015959384707296, 0.15594851783878072]","[0.1824769209041585, 0.1779912072342149, 0.1789506252186351, 0.176307970709384, 0.17526659445274015, 0.17524589041551186, 0.1766429058097433, 0.17782502730788532, 0.1807858573765559]",0.7788174528136709,0.778729272796277,0.814303551905704,0.8081941457850251,0.886251127719514,0.878517391931086,0.8785133262568628,0.880065802748592,0.7281154005594404,0.7189139295093517,0.8528036908201979,0.8357205794870212,0.7490343503146529,0.7643996635151498,0.7082731208512735,0.7752149934256838,0.8658344747955431,0.8633394537341834,0.7865179875215716,0.8034664711809805,0.8850780505362894,0.9031445021540444,0.9239566370713912,0.9082960039471203,0.794211338622091,0.8321297194012081,0.7760533606103227,0.8171895974565148,0.9181014849230209,0.8223712932586135
