val_auroc,val_aurocs_epoch,test_auroc,model_path,final_train_loss,train_loss_history,val_loss_history,val_No Finding,test_No Finding,val_Atelectasis,test_Atelectasis,val_Cardiomegaly,test_Cardiomegaly,val_Effusion,test_Effusion,val_Infiltration,test_Infiltration,val_Mass,test_Mass,val_Nodule,test_Nodule,val_Pneumonia,test_Pneumonia,val_Pneumothorax,test_Pneumothorax,val_Consolidation,test_Consolidation,val_Edema,test_Edema,val_Emphysema,test_Emphysema,val_Fibrosis,test_Fibrosis,val_Pleural_Thickening,test_Pleural_Thickening,val_Hernia,test_Hernia
0.8020815290467591,"[0.7377297518141801, 0.7638103272427557, 0.7745412567187748, 0.788306743321046, 0.7905293029014998, 0.7974933943082401, 0.802896575658803, 0.8076342773970147, 0.8082508771544461, 0.8040623914604365, 0.8020815290467591]",0.8118752226708298,/student/csc490_project/shared/training_gamma/training_gamma_1.2/vgg19.tv_in1k.pt,0.17208987500942577,"[0.20096200149566903, 0.19263004133689815, 0.18811268009457405, 0.18474002505342166, 0.1819410307787177, 0.17992139879038663, 0.17819133586651548, 0.17638021724949765, 0.1746614048984356, 0.17344715797637658, 0.17208987500942577]","[0.19370549712275956, 0.18704600617571107, 0.18597412472428365, 0.18165528146430937, 0.18176700102793442, 0.17911536223255098, 0.17675079233662852, 0.1766637214134599, 0.17744539768792428, 0.17771505150229258, 0.17985348500917817]",0.7780735104561136,0.7814239220381601,0.8095893455646768,0.795484263264156,0.849875586470206,0.8566468020945482,0.8682921092749116,0.8757026271064167,0.7050530557539252,0.7100314792182618,0.8401511293882266,0.8383482674272449,0.7424686133455332,0.7573479007517427,0.6924207940035787,0.7513444974964472,0.8650914835122897,0.8580346664808741,0.7899114664706062,0.792342591934254,0.8778350251153213,0.8905237029150995,0.8982595273578879,0.9162333247172965,0.7414954375313381,0.7706172601481944,0.7797954225802328,0.7926713116312435,0.7929104288765398,0.7913757228385053
