{"coatnet_2_rw_224.sw_in12k_ft_in1k": {"train": [0.19975975258351583, 0.1876255158122962, 0.1824129980860081, 0.17921454598824305, 0.17639261268654732, 0.1743185787272405, 0.17238390844436438, 0.17080554348091043, 0.16916231643105667, 0.16752568093408657, 0.16573822866913265, 0.1642677161357994], "val": [0.1890996137179088, 0.1889027624802534, 0.18220590670094933, 0.1798911995611825, 0.17881546981719343, 0.1784802514485755, 0.1771789760204292, 0.17698412220437773, 0.17462129729561682, 0.17458942726925883, 0.178021390015411, 0.17480837322804038], "val_auroc": [0.759613441903241, 0.7824339666940431, 0.7959442076203922, 0.8028393188763071, 0.8124520715002839, 0.814412154910897, 0.820407242512827, 0.8176517223776315, 0.8230785654613988, 0.8243601211620176, 0.8201903327314234, 0.8234585995658242]}, "convnext_large.fb_in22k": {"train": [0.18604027104329288, 0.17313163419352556, 0.1653246413318183, 0.15503071759774434, 0.1388963405141319], "val": [0.1764826612644504, 0.17380725635421398, 0.17336979455877702, 0.17452346485075648, 0.19085313034038123], "val_auroc": [0.8142021469351256, 0.8240564644478684, 0.8267741002895134, 0.825561734702367, 0.8072852637107667]}, "densenet121": {"train": [0.19318600104803718, 0.1802530277187262, 0.1762577796915198, 0.1728693864543021, 0.1699112167718207, 0.1669797590244713, 0.1643459693468138], "val": [0.18354882200811665, 0.179398026544774, 0.1784720548785963, 0.17698576550681663, 0.17608036441988376, 0.1753053946182305, 0.17822264361216925], "val_auroc": [0.7821943114352276, 0.8068936491351969, 0.8072335155649893, 0.8156174262214427, 0.815939738245371, 0.8150472592717174, 0.8105819731554764]}, "maxvit_rmlp_base_rw_224.sw_in12k_ft_in1k": {"train": [0.18900940348734943, 0.1776400459309419, 0.17289970260249768, 0.16887200703708136, 0.16524501625766477, 0.16124636202414588, 0.1568458545907605, 0.15120922348999638], "val": [0.18431773643160976, 0.17798734164991697, 0.17508922318039938, 0.1734483333163743, 0.17390696883071646, 0.17527536523994058, 0.1755894443567106, 0.1830841879533647], "val_auroc": [0.7916235978329251, 0.8114326647325728, 0.8203059049310394, 0.8247352270571128, 0.8251513796711846, 0.8293119838068114, 0.8244143793293544, 0.8147586228819652]}, "swin_large_patch4_window7_224": {"train": [0.19170323318642815, 0.1802868186473483, 0.1765378981010943, 0.1723891604298014, 0.16944745389472057], "val": [0.181504413940359, 0.17672193762683852, 0.17476219594543582, 0.177115905853963, 0.17584102553705316], "val_auroc": [0.7963755528020529, 0.8072547721580107, 0.8192527330475406, 0.8153595653334708, 0.8182408103017945]}, "vgg19.tv_in1k": {"train": [0.20068800790250543, 0.19159181328581237, 0.18689263029766034, 0.18340102718249568, 0.18086726814811308, 0.17895937454621724, 0.1772424600458121, 0.17553374639189825, 0.1739984294376904, 0.172601714065465, 0.17124983865192267], "val": [0.19333224415475891, 0.18701134690863275, 0.1838424701925887, 0.1826342201607605, 0.1797004510773086, 0.17953999935335285, 0.17862228352879717, 0.1799048203623009, 0.17777849358593134, 0.18069622238426533, 0.1786029693605595], "val_auroc": [0.7446206857562667, 0.7682987615261024, 0.7780860267351652, 0.7800354387804969, 0.7908659028217933, 0.792815228135279, 0.8005207961049243, 0.7909442989834723, 0.8025826885407753, 0.7989627666775115, 0.7989878792262319]}}