val_auroc,val_aurocs_epoch,test_auroc,model_path,final_train_loss,train_loss_history,val_loss_history,val_No Finding,test_No Finding,val_Atelectasis,test_Atelectasis,val_Cardiomegaly,test_Cardiomegaly,val_Effusion,test_Effusion,val_Infiltration,test_Infiltration,val_Mass,test_Mass,val_Nodule,test_Nodule,val_Pneumonia,test_Pneumonia,val_Pneumothorax,test_Pneumothorax,val_Consolidation,test_Consolidation,val_Edema,test_Edema,val_Emphysema,test_Emphysema,val_Fibrosis,test_Fibrosis,val_Pleural_Thickening,test_Pleural_Thickening,val_Hernia,test_Hernia
0.8234585995658242,"[0.759613441903241, 0.7824339666940431, 0.7959442076203922, 0.8028393188763071, 0.8124520715002839, 0.814412154910897, 0.820407242512827, 0.8176517223776315, 0.8230785654613988, 0.8243601211620176, 0.8201903327314234, 0.8234585995658242]",0.8302482871956828,/student/csc490_project/shared/training_gamma/training_gamma_0.6/coatnet_2_rw_224.sw_in12k_ft_in1k.pt,0.1642677161357994,"[0.19975975258351583, 0.1876255158122962, 0.1824129980860081, 0.17921454598824305, 0.17639261268654732, 0.1743185787272405, 0.17238390844436438, 0.17080554348091043, 0.16916231643105667, 0.16752568093408657, 0.16573822866913265, 0.1642677161357994]","[0.1890996137179088, 0.1889027624802534, 0.18220590670094933, 0.1798911995611825, 0.17881546981719343, 0.1784802514485755, 0.1771789760204292, 0.17698412220437773, 0.17462129729561682, 0.17458942726925883, 0.178021390015411, 0.17480837322804038]",0.7831364338991191,0.7833802013613206,0.817891621150339,0.811329445043167,0.8941446037266505,0.895417749667136,0.8779552567785486,0.8806004614525548,0.7187226828877138,0.7171668180793097,0.8487132263134063,0.8484755302352236,0.7620474788704859,0.772702884438669,0.7235534909391961,0.7686742127422204,0.8733905903267842,0.8757430383697967,0.7920734409623299,0.802396162530984,0.8898633336416613,0.8991436257421644,0.9212968024443433,0.9250033935805647,0.7751357163105596,0.8155744736985332,0.7964680560883093,0.7992411945096889,0.8774862591479153,0.8588751164839092
