val_auroc,val_aurocs_epoch,test_auroc,model_path,final_train_loss,train_loss_history,val_loss_history,val_No Finding,test_No Finding,val_Atelectasis,test_Atelectasis,val_Cardiomegaly,test_Cardiomegaly,val_Effusion,test_Effusion,val_Infiltration,test_Infiltration,val_Mass,test_Mass,val_Nodule,test_Nodule,val_Pneumonia,test_Pneumonia,val_Pneumothorax,test_Pneumothorax,val_Consolidation,test_Consolidation,val_Edema,test_Edema,val_Emphysema,test_Emphysema,val_Fibrosis,test_Fibrosis,val_Pleural_Thickening,test_Pleural_Thickening,val_Hernia,test_Hernia
0.8072852637107667,"[0.8142021469351256, 0.8240564644478684, 0.8267741002895134, 0.825561734702367, 0.8072852637107667]",0.8217154897541744,/student/csc490_project/shared/training_gamma/training_gamma_0.6/convnext_large.fb_in22k.pt,0.1388963405141319,"[0.18604027104329288, 0.17313163419352556, 0.1653246413318183, 0.15503071759774434, 0.1388963405141319]","[0.1764826612644504, 0.17380725635421398, 0.17336979455877702, 0.17452346485075648, 0.19085313034038123]",0.7672797095866746,0.7723740818002707,0.7897752374428685,0.789381329048359,0.8676739341508973,0.8865850348694512,0.8682159846027573,0.8687650913198266,0.6978350967464899,0.7011204023068918,0.8421498427620886,0.8418631730781451,0.759785136662978,0.7729088292407345,0.6892991415455741,0.7307375851672798,0.834469938256956,0.8482061086304679,0.7692667136394735,0.7665128606208305,0.8557822045179427,0.8866986706816818,0.9166705027360765,0.916401936901348,0.7934187911224465,0.8161352684634853,0.7727154811121056,0.8160987034433251,0.8849412407761684,0.9119432707405185
