val_auroc,val_aurocs_epoch,test_auroc,model_path,final_train_loss,train_loss_history,val_loss_history,val_No Finding,test_No Finding,val_Atelectasis,test_Atelectasis,val_Cardiomegaly,test_Cardiomegaly,val_Effusion,test_Effusion,val_Infiltration,test_Infiltration,val_Mass,test_Mass,val_Nodule,test_Nodule,val_Pneumonia,test_Pneumonia,val_Pneumothorax,test_Pneumothorax,val_Consolidation,test_Consolidation,val_Edema,test_Edema,val_Emphysema,test_Emphysema,val_Fibrosis,test_Fibrosis,val_Pleural_Thickening,test_Pleural_Thickening,val_Hernia,test_Hernia
0.8105819731554764,"[0.7821943114352276, 0.8068936491351969, 0.8072335155649893, 0.8156174262214427, 0.815939738245371, 0.8150472592717174, 0.8105819731554764]",0.8192377955698333,/student/csc490_project/shared/training_gamma/training_gamma_0.6/densenet121.pt,0.1643459693468138,"[0.19318600104803718, 0.1802530277187262, 0.1762577796915198, 0.1728693864543021, 0.1699112167718207, 0.1669797590244713, 0.1643459693468138]","[0.18354882200811665, 0.179398026544774, 0.1784720548785963, 0.17698576550681663, 0.17608036441988376, 0.1753053946182305, 0.17822264361216925]",0.7803303668352518,0.7786301580086151,0.8141273486433631,0.8083715376890314,0.8509904124220687,0.8773973350948784,0.8743824118795264,0.877937120402873,0.7025235795755469,0.705065005211918,0.8299517318466528,0.8224759701941448,0.7523655296539482,0.7563282597634678,0.7163977258227721,0.7555038316975018,0.8691799305269322,0.8603593334743933,0.7740977647070837,0.7963832614563848,0.8843918533056107,0.9052787898025358,0.9079343341638424,0.9035732879284445,0.7508866146303758,0.8006315033358641,0.7915746778615977,0.7973454805370156,0.8595953154575731,0.8432860589504321
