val_auroc,val_aurocs_epoch,test_auroc,model_path,final_train_loss,train_loss_history,val_loss_history,val_No Finding,test_No Finding,val_Atelectasis,test_Atelectasis,val_Cardiomegaly,test_Cardiomegaly,val_Effusion,test_Effusion,val_Infiltration,test_Infiltration,val_Mass,test_Mass,val_Nodule,test_Nodule,val_Pneumonia,test_Pneumonia,val_Pneumothorax,test_Pneumothorax,val_Consolidation,test_Consolidation,val_Edema,test_Edema,val_Emphysema,test_Emphysema,val_Fibrosis,test_Fibrosis,val_Pleural_Thickening,test_Pleural_Thickening,val_Hernia,test_Hernia
0.8147586228819652,"[0.7916235978329251, 0.8114326647325728, 0.8203059049310394, 0.8247352270571128, 0.8251513796711846, 0.8293119838068114, 0.8244143793293544, 0.8147586228819652]",0.8243339423080581,/student/csc490_project/shared/training_gamma/training_gamma_0.6/maxvit_rmlp_base_rw_224.sw_in12k_ft_in1k.pt,0.15120922348999638,"[0.18900940348734943, 0.1776400459309419, 0.17289970260249768, 0.16887200703708136, 0.16524501625766477, 0.16124636202414588, 0.1568458545907605, 0.15120922348999638]","[0.18431773643160976, 0.17798734164991697, 0.17508922318039938, 0.1734483333163743, 0.17390696883071646, 0.17527536523994058, 0.1755894443567106, 0.1830841879533647]",0.7750085293073001,0.7761533978707432,0.7977991939085284,0.8040563875066241,0.8839979310504628,0.8850256509425403,0.8752805761404561,0.876674675948846,0.7058670484875511,0.6972804095708968,0.8545551778668827,0.8467500757975995,0.7723720597251859,0.7714480837382793,0.6602124326040576,0.7433415955002458,0.8694826435293317,0.8591519456065828,0.7961270920769129,0.800215459223827,0.8817224706719807,0.895445748138327,0.9172757625626479,0.9211050433077778,0.7801412794662095,0.812131755020862,0.7707055079628918,0.7977589624876491,0.8808316378690798,0.8784699439600699
