val_auroc,val_aurocs_epoch,test_auroc,model_path,final_train_loss,train_loss_history,val_loss_history,val_No Finding,test_No Finding,val_Atelectasis,test_Atelectasis,val_Cardiomegaly,test_Cardiomegaly,val_Effusion,test_Effusion,val_Infiltration,test_Infiltration,val_Mass,test_Mass,val_Nodule,test_Nodule,val_Pneumonia,test_Pneumonia,val_Pneumothorax,test_Pneumothorax,val_Consolidation,test_Consolidation,val_Edema,test_Edema,val_Emphysema,test_Emphysema,val_Fibrosis,test_Fibrosis,val_Pleural_Thickening,test_Pleural_Thickening,val_Hernia,test_Hernia
0.8182408103017945,"[0.7963755528020529, 0.8072547721580107, 0.8192527330475406, 0.8153595653334708, 0.8182408103017945]",0.8201024837868564,/student/csc490_project/shared/training_gamma/training_gamma_0.6/swin_large_patch4_window7_224.pt,0.16944745389472057,"[0.19170323318642815, 0.1802868186473483, 0.1765378981010943, 0.1723891604298014, 0.16944745389472057]","[0.181504413940359, 0.17672193762683852, 0.17476219594543582, 0.177115905853963, 0.17584102553705316]",0.7825008295856074,0.7833499349801547,0.8126904631650583,0.8038670677078263,0.8980339747226389,0.8954163419542209,0.8772828769798992,0.8813555391682463,0.7144257118988809,0.712827327161818,0.8457711018654439,0.8382603664186073,0.7486240322833234,0.7648642027454186,0.7253858297156388,0.7644976126598755,0.8835920185076476,0.8758865393868726,0.785018533835738,0.8018587403431949,0.872624953248101,0.8906369997499979,0.9148752222522714,0.9181087351982988,0.7773680016821416,0.7853813450525985,0.7948479165778745,0.8137724021273074,0.8405706882066543,0.77145410214841
