val_auroc,val_aurocs_epoch,test_auroc,model_path,final_train_loss,train_loss_history,val_loss_history,val_No Finding,test_No Finding,val_Atelectasis,test_Atelectasis,val_Cardiomegaly,test_Cardiomegaly,val_Effusion,test_Effusion,val_Infiltration,test_Infiltration,val_Mass,test_Mass,val_Nodule,test_Nodule,val_Pneumonia,test_Pneumonia,val_Pneumothorax,test_Pneumothorax,val_Consolidation,test_Consolidation,val_Edema,test_Edema,val_Emphysema,test_Emphysema,val_Fibrosis,test_Fibrosis,val_Pleural_Thickening,test_Pleural_Thickening,val_Hernia,test_Hernia
0.7989878792262319,"[0.7446206857562667, 0.7682987615261024, 0.7780860267351652, 0.7800354387804969, 0.7908659028217933, 0.792815228135279, 0.8005207961049243, 0.7909442989834723, 0.8025826885407753, 0.7989627666775115, 0.7989878792262319]",0.8088306615060048,/student/csc490_project/shared/training_gamma/training_gamma_0.6/vgg19.tv_in1k.pt,0.17124983865192267,"[0.20068800790250543, 0.19159181328581237, 0.18689263029766034, 0.18340102718249568, 0.18086726814811308, 0.17895937454621724, 0.1772424600458121, 0.17553374639189825, 0.1739984294376904, 0.172601714065465, 0.17124983865192267]","[0.19333224415475891, 0.18701134690863275, 0.1838424701925887, 0.1826342201607605, 0.1797004510773086, 0.17953999935335285, 0.17862228352879717, 0.1799048203623009, 0.17777849358593134, 0.18069622238426533, 0.1786029693605595]",0.7776620693450194,0.7774446259412561,0.808452185082813,0.7926852611562559,0.8886269066588334,0.8771521919457586,0.8758713233263095,0.8798060560143942,0.6811451547459986,0.6922612321115422,0.8138832501540245,0.8141350760124351,0.7308667940041366,0.7381866316412766,0.7011336761611983,0.7524445333563544,0.8696727715812687,0.8654420652745549,0.7747419048494318,0.7847451535159229,0.8639135160243391,0.8919044261608946,0.9045232293183113,0.903468991208391,0.7522825112603889,0.7616048770002962,0.7666337069712598,0.8029633985674604,0.7754091889101455,0.7982154026832786
