{"coatnet_2_rw_224.sw_in12k_ft_in1k": {"train": [0.19969252569494936, 0.18724489148736484, 0.18209434160129812, 0.17875581973997073, 0.17679274748193055, 0.17907739093572628, 0.17352362133077975, 0.17245104461151167, 0.17092165599948145, 0.16930241411688124, 0.1675823679648158, 0.16608967043353412, 0.1643392389079904, 0.16371124785514624], "val": [0.18828824291081536, 0.19425062981953975, 0.17625212197755138, 0.17632198616927272, 0.175268936320208, 0.17678122173691557, 0.1756192623193614, 0.17521161684593142, 0.1743816322955671, 0.1724632927108296, 0.17186717630017462, 0.170629525976797, 0.17099953197256856, 0.1715834393764326], "val_auroc": [0.75576160324747, 0.7865277238093263, 0.8142885801728855, 0.8139097408631276, 0.8196898169756817, 0.8170496590313021, 0.8223253022832604, 0.8276337472596207, 0.8285690556678286, 0.8316089577106532, 0.8318180013277099, 0.8351079957035198, 0.8323336631295591, 0.8297461382353926]}, "convnext_large.fb_in22k": {"train": [0.1855393917080227, 0.17268728049078244, 0.1647723335045867, 0.1543561419790111, 0.1381617622646859], "val": [0.17611676665716047, 0.1722245419852782, 0.17263452486178382, 0.1756209216681634, 0.18680822707003328], "val_auroc": [0.8067512198964086, 0.8268993665840211, 0.8305752963115246, 0.8275745204836357, 0.8161610732945713]}, "densenet121": {"train": [0.1935414339393014, 0.18007063007633375, 0.1760235087370606, 0.1726781480105185, 0.1697142773141282, 0.16720987151914496, 0.16428122606537326, 0.1615315159563187], "val": [0.1784788733077517, 0.17581226779581155, 0.173930786712485, 0.176190412638514, 0.1739027303898014, 0.17292976370731064, 0.1756424707533835, 0.17729714046757625], "val_auroc": [0.8025219772620861, 0.8146669237808258, 0.8204878060194157, 0.8211817486226675, 0.8246056938516659, 0.8255088440765994, 0.8246429477938065, 0.8229713611469958]}, "maxvit_rmlp_base_rw_224.sw_in12k_ft_in1k": {"train": [0.19029000422091988, 0.17865141530831655, 0.17376563274945186, 0.17000808562265662, 0.1662139035799215, 0.16252632492592906, 0.15849361238259124], "val": [0.17786987487573264, 0.1801796044591208, 0.1759240729355275, 0.17238653426296835, 0.17117932569885322, 0.1737698391310026, 0.17557248117288488], "val_auroc": [0.8084721385820646, 0.8059610786080112, 0.8152301627899572, 0.8263114352021332, 0.833000105539341, 0.8286507461656468, 0.8262294711179728]}, "swin_large_patch4_window7_224": {"train": [0.19100053499233188, 0.17996264725348088, 0.1754925668088159, 0.17193398470043894, 0.1688824233606579, 0.16548483924395063], "val": [0.17831862292003406, 0.17664677637011938, 0.17548188570410359, 0.1733664138605385, 0.1726069019858314, 0.17464501076096364], "val_auroc": [0.8015927381605638, 0.8125418609670372, 0.817707984738859, 0.8247849461237052, 0.8241704187360005, 0.8244114926881596]}, "vgg19.tv_in1k": {"train": [0.20062579759131602, 0.1921215026525826, 0.18686245115004418, 0.18351235514945857, 0.18095309404065696, 0.17891073507915548, 0.17710755836536607, 0.1757163984072584, 0.1740575670885543, 0.1724501303980142, 0.17092148733999185, 0.1693245105445385, 0.16772393479761555, 0.166264000910569, 0.16443768462120759], "val": [0.1927668628591481, 0.18554185156515518, 0.185841828763355, 0.1801597882186734, 0.18053693330283602, 0.17908532107465489, 0.1773581693360452, 0.17926480004639733, 0.17856874268469508, 0.17876603933820112, 0.17767545842121593, 0.1762157021696831, 0.17574707536178447, 0.1775636930820034, 0.17915468053285813], "val_auroc": [0.731938207121861, 0.7698348734517979, 0.7650145751716895, 0.7928958829366064, 0.7923242232987316, 0.7970364058991783, 0.7984124338158687, 0.7977484723338115, 0.8058362493977212, 0.8067914219359034, 0.8113204476587016, 0.8113546620861283, 0.8149023525138311, 0.8146498894484265, 0.8059523780769706]}}