val_auroc,val_aurocs_epoch,test_auroc,model_path,final_train_loss,train_loss_history,val_loss_history,val_No Finding,test_No Finding,val_Atelectasis,test_Atelectasis,val_Cardiomegaly,test_Cardiomegaly,val_Effusion,test_Effusion,val_Infiltration,test_Infiltration,val_Mass,test_Mass,val_Nodule,test_Nodule,val_Pneumonia,test_Pneumonia,val_Pneumothorax,test_Pneumothorax,val_Consolidation,test_Consolidation,val_Edema,test_Edema,val_Emphysema,test_Emphysema,val_Fibrosis,test_Fibrosis,val_Pleural_Thickening,test_Pleural_Thickening,val_Hernia,test_Hernia
0.8161610732945713,"[0.8067512198964086, 0.8268993665840211, 0.8305752963115246, 0.8275745204836357, 0.8161610732945713]",0.8303878088537381,/student/csc490_project/shared/training/convnext_large.fb_in22k.pt,0.1381617622646859,"[0.1855393917080227, 0.17268728049078244, 0.1647723335045867, 0.1543561419790111, 0.1381617622646859]","[0.17611676665716047, 0.1722245419852782, 0.17263452486178382, 0.1756209216681634, 0.18680822707003328]",0.7798846250689931,0.7792648187062194,0.8058414372307069,0.8090673034779847,0.8904525602876796,0.8909327360983926,0.8751730890898711,0.8747349722704533,0.7107220865699758,0.7116640911561048,0.8583827594720637,0.8562317730223483,0.7600610597326432,0.7756060007055899,0.6882234770816704,0.7670432510326325,0.8322581383826902,0.8391107914942098,0.7898287534846676,0.7969491483868751,0.8719860106252488,0.8968330257464717,0.9264893419606534,0.9137612943238198,0.7885307054694289,0.821418654701405,0.7621294520450639,0.8024951344304148,0.9024526029172107,0.9207041372531499
