val_auroc,val_aurocs_epoch,test_auroc,model_path,final_train_loss,train_loss_history,val_loss_history,val_No Finding,test_No Finding,val_Atelectasis,test_Atelectasis,val_Cardiomegaly,test_Cardiomegaly,val_Effusion,test_Effusion,val_Infiltration,test_Infiltration,val_Mass,test_Mass,val_Nodule,test_Nodule,val_Pneumonia,test_Pneumonia,val_Pneumothorax,test_Pneumothorax,val_Consolidation,test_Consolidation,val_Edema,test_Edema,val_Emphysema,test_Emphysema,val_Fibrosis,test_Fibrosis,val_Pleural_Thickening,test_Pleural_Thickening,val_Hernia,test_Hernia
0.8229713611469958,"[0.8025219772620861, 0.8146669237808258, 0.8204878060194157, 0.8211817486226675, 0.8246056938516659, 0.8255088440765994, 0.8246429477938065, 0.8229713611469958]",0.8311166392947756,/student/csc490_project/shared/training/densenet121.pt,0.1615315159563187,"[0.1935414339393014, 0.18007063007633375, 0.1760235087370606, 0.1726781480105185, 0.1697142773141282, 0.16720987151914496, 0.16428122606537326, 0.1615315159563187]","[0.1784788733077517, 0.17581226779581155, 0.173930786712485, 0.176190412638514, 0.1739027303898014, 0.17292976370731064, 0.1756424707533835, 0.17729714046757625]",0.7840574656868384,0.7830224604267066,0.8143932771362851,0.8148567751453076,0.8896370892092471,0.8852376927279643,0.878032039115257,0.8816379746232026,0.7200248691602084,0.7184150323750582,0.848620270525933,0.8537063210659231,0.7544839119990222,0.7659282201109678,0.7118502615719242,0.7588622116265789,0.8690349925822305,0.867701488788414,0.7903546446915622,0.8001734853741238,0.8863876064234092,0.9008313740471595,0.9159598708779036,0.9123985786790478,0.8060512406220178,0.8228561188974075,0.7937782892213272,0.8235569755919847,0.8819045883817679,0.87756487994179
