val_auroc,val_aurocs_epoch,test_auroc,model_path,final_train_loss,train_loss_history,val_loss_history,val_No Finding,test_No Finding,val_Atelectasis,test_Atelectasis,val_Cardiomegaly,test_Cardiomegaly,val_Effusion,test_Effusion,val_Infiltration,test_Infiltration,val_Mass,test_Mass,val_Nodule,test_Nodule,val_Pneumonia,test_Pneumonia,val_Pneumothorax,test_Pneumothorax,val_Consolidation,test_Consolidation,val_Edema,test_Edema,val_Emphysema,test_Emphysema,val_Fibrosis,test_Fibrosis,val_Pleural_Thickening,test_Pleural_Thickening,val_Hernia,test_Hernia
0.8262294711179728,"[0.8084721385820646, 0.8059610786080112, 0.8152301627899572, 0.8263114352021332, 0.833000105539341, 0.8286507461656468, 0.8262294711179728]",0.8381662232457587,/student/csc490_project/shared/training/maxvit_rmlp_base_rw_224.sw_in12k_ft_in1k.pt,0.15849361238259124,"[0.19029000422091988, 0.17865141530831655, 0.17376563274945186, 0.17000808562265662, 0.1662139035799215, 0.16252632492592906, 0.15849361238259124]","[0.17786987487573264, 0.1801796044591208, 0.1759240729355275, 0.17238653426296835, 0.17117932569885322, 0.1737698391310026, 0.17557248117288488]",0.7828671812598696,0.7883181678575422,0.8248407120799384,0.8112305687961388,0.8874349061984025,0.8943543633308643,0.8805248344000652,0.8832035873287406,0.7353136546894696,0.7252676693829994,0.8521079979028386,0.860367621383577,0.7658753035234824,0.7780224357212885,0.7031136406123424,0.7662727610800473,0.8826757261989517,0.8797738829732381,0.7999526187339806,0.8120257040794561,0.8838157492569967,0.9112489711991956,0.9220448359792621,0.9280271348263462,0.7930012352163502,0.8250577860760541,0.7937582576823083,0.8294166476998992,0.8861154130353364,0.8799060469509938
