val_auroc,val_aurocs_epoch,test_auroc,model_path,final_train_loss,train_loss_history,val_loss_history,val_No Finding,test_No Finding,val_Atelectasis,test_Atelectasis,val_Cardiomegaly,test_Cardiomegaly,val_Effusion,test_Effusion,val_Infiltration,test_Infiltration,val_Mass,test_Mass,val_Nodule,test_Nodule,val_Pneumonia,test_Pneumonia,val_Pneumothorax,test_Pneumothorax,val_Consolidation,test_Consolidation,val_Edema,test_Edema,val_Emphysema,test_Emphysema,val_Fibrosis,test_Fibrosis,val_Pleural_Thickening,test_Pleural_Thickening,val_Hernia,test_Hernia
0.8244114926881596,"[0.8015927381605638, 0.8125418609670372, 0.817707984738859, 0.8247849461237052, 0.8241704187360005, 0.8244114926881596]",0.8312413987720427,/student/csc490_project/shared/training/swin_large_patch4_window7_224.pt,0.16548483924395063,"[0.19100053499233188, 0.17996264725348088, 0.1754925668088159, 0.17193398470043894, 0.1688824233606579, 0.16548483924395063]","[0.17831862292003406, 0.17664677637011938, 0.17548188570410359, 0.1733664138605385, 0.1726069019858314, 0.17464501076096364]",0.787830721180863,0.7888716829291986,0.8172430359121391,0.809984930215604,0.8945201987925646,0.8979495012352479,0.8788158930558516,0.8833823951902096,0.7299663513212611,0.721679662192462,0.838728594347829,0.8410305720010627,0.7532847328296252,0.7686882350264537,0.7210082462663315,0.7685995876110661,0.8955357378286821,0.8803334379736154,0.7967205832797231,0.8056341802472828,0.8899327074276201,0.9036644503558551,0.9149426531598662,0.9198306217202161,0.7884757975062421,0.8149285795771999,0.7894243418715993,0.8320582594913107,0.8697427955421942,0.8319848858138555
