{"coatnet_2_rw_224.sw_in12k_ft_in1k": {"train": [0.1962264575987933, 0.18489799024310055, 0.18043265758703153, 0.17747223642995444, 0.17491886276691182, 0.17226554021784446, 0.17108158882162192, 0.16911674431275303, 0.1996765205258034], "val": [0.18901561200889477, 0.18319529202647594, 0.175186206172437, 0.175523137181001, 0.1742134544440697, 0.1757456950280209, 0.1715667219128633, 0.1747250152253654, 0.2165754000049864], "val_auroc": [0.7791121972597476, 0.795467006179361, 0.8182257939724572, 0.8187748310618947, 0.8277600041037071, 0.8206307622153155, 0.8318547878521886, 0.8305368387341115, 0.5366181016943916]}, "convnext_large.fb_in22k": {"train": [0.18604164442683502, 0.17263030678987867, 0.16444177901281454, 0.15318059460752137, 0.13535180361714305], "val": [0.18651101681901966, 0.17177452046294198, 0.1716631302572137, 0.17780906168018404, 0.18789858515320215], "val_auroc": [0.8136613114129172, 0.830650739343445, 0.8316442602880343, 0.8248440598124148, 0.8122581188641443]}, "densenet121": {"train": [0.194563990857119, 0.18078555368432184, 0.1764322275841018, 0.17290132281832338, 0.17004144817015263, 0.1674909132404056, 0.1647455894183822, 0.16209769772698845], "val": [0.17954448943816906, 0.17542681018388723, 0.17442282722439878, 0.17459382420557357, 0.1739715677631889, 0.17295379409848086, 0.1737300960352471, 0.1743497110261625], "val_auroc": [0.7991210959936943, 0.815056900616304, 0.8191361964689681, 0.8198313868132946, 0.8220636836345251, 0.8238768606828483, 0.8192876960709243, 0.821243254613105]}, "maxvit_rmlp_base_rw_224.sw_in12k_ft_in1k": {"train": [0.19024839112459402, 0.17870716317821808, 0.1743077592909094, 0.17018107908921756, 0.16649697951790762, 0.1630381074620456, 0.15886998113880796, 0.15414952482134708, 0.14846690032343432, 0.14193694826397227], "val": [0.1813069373791561, 0.1743829833603529, 0.1795120117860998, 0.17175764461091264, 0.17275292442320997, 0.1717369187742385, 0.17204916905774192, 0.1740137334861576, 0.17743216400294629, 0.18444495409629633], "val_auroc": [0.8003632792736076, 0.8173032407831057, 0.8196795172401664, 0.8226312769226921, 0.8268171536229088, 0.8305757681825442, 0.8293339070767295, 0.8307449116297836, 0.8221836392964317, 0.8110957348335629]}, "swin_large_patch4_window7_224": {"train": [0.19209994357760724, 0.18046586912473647, 0.17599988563697996, 0.17275796806727484, 0.1696811900224264, 0.16611702838549164, 0.16226533762050596, 0.15818928044773942, 0.1534858834657182], "val": [0.17956037136596129, 0.17947276655671207, 0.1734934311582122, 0.17528176179350635, 0.1746698407548328, 0.17351318907729069, 0.1777051781631768, 0.17786420091477678, 0.178436977301486], "val_auroc": [0.7932444369282519, 0.7993133764908412, 0.8213299315654353, 0.8190160697406337, 0.8232758953160507, 0.822779695887759, 0.823507141853384, 0.8186629822736955, 0.8177115338893886]}, "vgg19.tv_in1k": {"train": [0.20151606642648698, 0.19311216963697375, 0.18855137585442724, 0.18538215698114013, 0.18266110286661766, 0.18044921840896935, 0.17861437627333937, 0.1768255327033197, 0.17521639001230158, 0.17359180658283394, 0.17236385623492845, 0.1710180656075841, 0.16929724329204215, 0.16826793564998402, 0.16649028536507754, 0.1650140029188942, 0.16349876968500515], "val": [0.1941505840270195, 0.18894071348531302, 0.1846885003723464, 0.18167699243721747, 0.18090807749933108, 0.17879662033289584, 0.1772386670643247, 0.18000792511901276, 0.178185376804322, 0.17853685634665536, 0.1765103944182006, 0.176829892646543, 0.17607832105754506, 0.1763111276519593, 0.17774985044880576, 0.18210142672191873, 0.17871164938781497], "val_auroc": [0.7074588252422704, 0.7466289459349466, 0.7730044359863419, 0.7816504568007989, 0.7882592184926219, 0.7946018480500487, 0.79842457303728, 0.7924243164902262, 0.8031149706014725, 0.7957487002853326, 0.804119283952132, 0.8042722672998621, 0.807742648340244, 0.8048298132995615, 0.8084547801434032, 0.803946386983259, 0.8068153822601498]}}