val_auroc,val_aurocs_epoch,test_auroc,model_path,final_train_loss,train_loss_history,val_loss_history,val_No Finding,test_No Finding,val_Atelectasis,test_Atelectasis,val_Cardiomegaly,test_Cardiomegaly,val_Effusion,test_Effusion,val_Infiltration,test_Infiltration,val_Mass,test_Mass,val_Nodule,test_Nodule,val_Pneumonia,test_Pneumonia,val_Pneumothorax,test_Pneumothorax,val_Consolidation,test_Consolidation,val_Edema,test_Edema,val_Emphysema,test_Emphysema,val_Fibrosis,test_Fibrosis,val_Pleural_Thickening,test_Pleural_Thickening,val_Hernia,test_Hernia
0.5366181016943916,"[0.7791121972597476, 0.795467006179361, 0.8182257939724572, 0.8187748310618947, 0.8277600041037071, 0.8206307622153155, 0.8318547878521886, 0.8305368387341115, 0.5366181016943916]",0.544943007319201,/student/csc490_project/shared/training_gamma/training_gamma_1.0/coatnet_2_rw_224.sw_in12k_ft_in1k.pt,0.1996765205258034,"[0.1962264575987933, 0.18489799024310055, 0.18043265758703153, 0.17747223642995444, 0.17491886276691182, 0.17226554021784446, 0.17108158882162192, 0.16911674431275303, 0.1996765205258034]","[0.18901561200889477, 0.18319529202647594, 0.175186206172437, 0.175523137181001, 0.1742134544440697, 0.1757456950280209, 0.1715667219128633, 0.1747250152253654, 0.2165754000049864]",0.5378782618555704,0.5505854934500843,0.5292736255504643,0.5420196677825477,0.5624838830475447,0.5625118650088582,0.5600630239942336,0.5904021161826254,0.5543865315884937,0.5601812210433279,0.4780274322857255,0.5066140970221378,0.5015499192171178,0.5102581453089793,0.5238867985554938,0.5318923239876217,0.5805894004304943,0.5562230799514432,0.5595797976084715,0.5589692134561492,0.6005294024202402,0.6352227219143233,0.5002121825892317,0.5061933353329041,0.48104781419485776,0.5149791779479047,0.5139642557786018,0.5059222849056239,0.565799196299333,0.5421703664934833
