val_auroc,val_aurocs_epoch,test_auroc,model_path,final_train_loss,train_loss_history,val_loss_history,val_No Finding,test_No Finding,val_Atelectasis,test_Atelectasis,val_Cardiomegaly,test_Cardiomegaly,val_Effusion,test_Effusion,val_Infiltration,test_Infiltration,val_Mass,test_Mass,val_Nodule,test_Nodule,val_Pneumonia,test_Pneumonia,val_Pneumothorax,test_Pneumothorax,val_Consolidation,test_Consolidation,val_Edema,test_Edema,val_Emphysema,test_Emphysema,val_Fibrosis,test_Fibrosis,val_Pleural_Thickening,test_Pleural_Thickening,val_Hernia,test_Hernia
0.8122581188641443,"[0.8136613114129172, 0.830650739343445, 0.8316442602880343, 0.8248440598124148, 0.8122581188641443]",0.8207137015702208,/student/csc490_project/shared/training_gamma/training_gamma_1.0/convnext_large.fb_in22k.pt,0.13535180361714305,"[0.18604164442683502, 0.17263030678987867, 0.16444177901281454, 0.15318059460752137, 0.13535180361714305]","[0.18651101681901966, 0.17177452046294198, 0.1716631302572137, 0.17780906168018404, 0.18789858515320215]",0.7672817606224476,0.7735980637078643,0.8113216406830944,0.8046750272962451,0.8890817317287015,0.8948108242987659,0.8707432250685944,0.8722202450709345,0.6912142579380935,0.6876688960113138,0.8393360038585669,0.8521022978624775,0.7604115566049205,0.7725839195521099,0.7107493746309358,0.7371757666715367,0.848719480631225,0.8380821861004321,0.7858164588630537,0.7966068849862581,0.8746493607557521,0.8942024792343756,0.8994085500233041,0.8845292555093865,0.7588893438540963,0.7958401866374177,0.7698437255821221,0.8007042351155164,0.9064053121172554,0.9059052554986788
