val_auroc,val_aurocs_epoch,test_auroc,model_path,final_train_loss,train_loss_history,val_loss_history,val_No Finding,test_No Finding,val_Atelectasis,test_Atelectasis,val_Cardiomegaly,test_Cardiomegaly,val_Effusion,test_Effusion,val_Infiltration,test_Infiltration,val_Mass,test_Mass,val_Nodule,test_Nodule,val_Pneumonia,test_Pneumonia,val_Pneumothorax,test_Pneumothorax,val_Consolidation,test_Consolidation,val_Edema,test_Edema,val_Emphysema,test_Emphysema,val_Fibrosis,test_Fibrosis,val_Pleural_Thickening,test_Pleural_Thickening,val_Hernia,test_Hernia
0.821243254613105,"[0.7991210959936943, 0.815056900616304, 0.8191361964689681, 0.8198313868132946, 0.8220636836345251, 0.8238768606828483, 0.8192876960709243, 0.821243254613105]",0.8326045119859887,/student/csc490_project/shared/training_gamma/training_gamma_1.0/densenet121.pt,0.16209769772698845,"[0.194563990857119, 0.18078555368432184, 0.1764322275841018, 0.17290132281832338, 0.17004144817015263, 0.1674909132404056, 0.1647455894183822, 0.16209769772698845]","[0.17954448943816906, 0.17542681018388723, 0.17442282722439878, 0.17459382420557357, 0.1739715677631889, 0.17295379409848086, 0.1737300960352471, 0.1743497110261625]",0.7816656244736926,0.7839302836261137,0.8183940824415926,0.813668912634161,0.8934005143970635,0.8908218887613992,0.8783818344500477,0.8814133981353764,0.7225979160026549,0.7176763453623938,0.8479959748668535,0.8526540809367071,0.7597078068720082,0.761986275566555,0.7096440366645796,0.7743546046777257,0.8837405126795982,0.8673825701487404,0.7987952496196224,0.8025377507214255,0.8909275677349558,0.90832357201512,0.9121341109046027,0.9113976756208424,0.7682254001683844,0.8157777281685173,0.7802081291110826,0.8098833161894294,0.8728300588098348,0.8972592772253213
