val_auroc,val_aurocs_epoch,test_auroc,model_path,final_train_loss,train_loss_history,val_loss_history,val_No Finding,test_No Finding,val_Atelectasis,test_Atelectasis,val_Cardiomegaly,test_Cardiomegaly,val_Effusion,test_Effusion,val_Infiltration,test_Infiltration,val_Mass,test_Mass,val_Nodule,test_Nodule,val_Pneumonia,test_Pneumonia,val_Pneumothorax,test_Pneumothorax,val_Consolidation,test_Consolidation,val_Edema,test_Edema,val_Emphysema,test_Emphysema,val_Fibrosis,test_Fibrosis,val_Pleural_Thickening,test_Pleural_Thickening,val_Hernia,test_Hernia
0.8110957348335629,"[0.8003632792736076, 0.8173032407831057, 0.8196795172401664, 0.8226312769226921, 0.8268171536229088, 0.8305757681825442, 0.8293339070767295, 0.8307449116297836, 0.8221836392964317, 0.8110957348335629]",0.818271612529849,/student/csc490_project/shared/training_gamma/training_gamma_1.0/maxvit_rmlp_base_rw_224.sw_in12k_ft_in1k.pt,0.14193694826397227,"[0.19024839112459402, 0.17870716317821808, 0.1743077592909094, 0.17018107908921756, 0.16649697951790762, 0.1630381074620456, 0.15886998113880796, 0.15414952482134708, 0.14846690032343432, 0.14193694826397227]","[0.1813069373791561, 0.1743829833603529, 0.1795120117860998, 0.17175764461091264, 0.17275292442320997, 0.1717369187742385, 0.17204916905774192, 0.1740137334861576, 0.17743216400294629, 0.18444495409629633]",0.768999177918182,0.7677764879182903,0.8096339945484661,0.8023823974845343,0.870649917742812,0.8776009708231789,0.862205917073761,0.8619594394084703,0.7092862756687978,0.7025150275079736,0.8549829056438097,0.8552009029748364,0.7577197665645438,0.7684768793718949,0.7077352886193216,0.7526514749047056,0.8715855014176337,0.8520722981875921,0.7790793329861428,0.7885885802688583,0.856287426654816,0.8860717927398264,0.9263582562762889,0.9106597242543063,0.7830714067420168,0.8107222729077167,0.7707349159669835,0.8060071956899288,0.8381059386798659,0.8313887435056232
