val_auroc,val_aurocs_epoch,test_auroc,model_path,final_train_loss,train_loss_history,val_loss_history,val_No Finding,test_No Finding,val_Atelectasis,test_Atelectasis,val_Cardiomegaly,test_Cardiomegaly,val_Effusion,test_Effusion,val_Infiltration,test_Infiltration,val_Mass,test_Mass,val_Nodule,test_Nodule,val_Pneumonia,test_Pneumonia,val_Pneumothorax,test_Pneumothorax,val_Consolidation,test_Consolidation,val_Edema,test_Edema,val_Emphysema,test_Emphysema,val_Fibrosis,test_Fibrosis,val_Pleural_Thickening,test_Pleural_Thickening,val_Hernia,test_Hernia
0.8177115338893886,"[0.7932444369282519, 0.7993133764908412, 0.8213299315654353, 0.8190160697406337, 0.8232758953160507, 0.822779695887759, 0.823507141853384, 0.8186629822736955, 0.8177115338893886]",0.8305920513674159,/student/csc490_project/shared/training_gamma/training_gamma_1.0/swin_large_patch4_window7_224.pt,0.1534858834657182,"[0.19209994357760724, 0.18046586912473647, 0.17599988563697996, 0.17275796806727484, 0.1696811900224264, 0.16611702838549164, 0.16226533762050596, 0.15818928044773942, 0.1534858834657182]","[0.17956037136596129, 0.17947276655671207, 0.1734934311582122, 0.17528176179350635, 0.1746698407548328, 0.17351318907729069, 0.1777051781631768, 0.17786420091477678, 0.178436977301486]",0.7798164906611171,0.7839988716680284,0.8133276832073848,0.8116326325472307,0.8942615801004128,0.889151255293805,0.8769329172289699,0.880692080581166,0.719293292150635,0.7240835924149632,0.8473723349805251,0.8273610574022332,0.7548853135974305,0.7623876758730198,0.7077501253705478,0.7760391072211229,0.8691110611504551,0.8716759721303211,0.786387280580829,0.8003904646789565,0.8883798405810506,0.902127077849907,0.9251790245642704,0.9224858445016679,0.7758937867170402,0.8074641283535067,0.779603205046243,0.8186054297458736,0.8474790724039153,0.8807855802494351
