{"coatnet_2_rw_224.sw_in12k_ft_in1k": {"train": [0.19740139923959485, 0.18580185593658588, 0.1810225691934063, 0.17805736808227451, 0.17528015890696305, 0.17305433670498008, 0.17098315195521205, 0.1691281487090074, 0.16745342383070327, 0.16553395142006438, 0.16397960053120808], "val": [0.1861134683388437, 0.17964356117556954, 0.17798377523675216, 0.1770541385184367, 0.17485626179692443, 0.17548507681051487, 0.17345815345774904, 0.17222789219623907, 0.17260237194890113, 0.17467513967976842, 0.17389923717480066], "val_auroc": [0.7681620541750345, 0.7920438408940533, 0.8067671025969376, 0.8149519870549133, 0.8157666062379563, 0.8227302632306449, 0.8276469325999326, 0.8327122841012676, 0.833763313061313, 0.8276192406880257, 0.8291796386340121]}, "convnext_large.fb_in22k": {"train": [0.18604051834805224, 0.17280391672535278, 0.16532463200723496, 0.15499827442615013, 0.1388966912842863], "val": [0.17709189728660465, 0.17356931437673265, 0.1731949175578044, 0.1774658186193339, 0.1849852038525738], "val_auroc": [0.8063961412347117, 0.8286662624193684, 0.8307470686518722, 0.823837909095096, 0.8163073840871748]}, "densenet121": {"train": [0.19526008505192471, 0.18068369134230827, 0.17659417629332805, 0.17317594726668384, 0.1702807699049997, 0.16760254003622424, 0.1649865884000693, 0.16239989578905628, 0.15930422423786023], "val": [0.1817402335663521, 0.17761883077883098, 0.1781542644684398, 0.17526180144713455, 0.17446393273543392, 0.17422812528161027, 0.17498971494510338, 0.17748725314375532, 0.1786657229991803], "val_auroc": [0.7877782946337696, 0.810792303138101, 0.8126951096157367, 0.8218988907760091, 0.8235369250158269, 0.8241807475566961, 0.8244662620563236, 0.8193713101583565, 0.8179924596765648]}, "maxvit_rmlp_base_rw_224.sw_in12k_ft_in1k": {"train": [0.1904226139960129, 0.17860061004909317, 0.1735255261231971, 0.16993209118386957, 0.16630742838076218, 0.16281769104241356, 0.158304334740056], "val": [0.1797989392436521, 0.17547536810567646, 0.17271642488167557, 0.173669173198124, 0.17207761073950678, 0.17347774937001684, 0.17336514961450947], "val_auroc": [0.805926942329125, 0.8171647065191323, 0.8275590347605729, 0.8297960806898451, 0.8318000174733137, 0.8265123456463576, 0.8317574492959129]}, "swin_large_patch4_window7_224": {"train": [0.19119540245567518, 0.18050709086644456, 0.17621772672935593, 0.17296479926255298, 0.1698738978002069, 0.16658537855704988, 0.16280916503865303, 0.15907459760508766, 0.1545625556994805, 0.14924476393763492], "val": [0.182901211023374, 0.17705398825332955, 0.17637337877978246, 0.17376750884415193, 0.17338834226477978, 0.17478654947305142, 0.17412795924018462, 0.17615015085699948, 0.17943871353189786, 0.1834695104964424], "val_auroc": [0.7796857401237028, 0.8120475722977323, 0.8150496321606829, 0.8239934010833566, 0.8232713354428766, 0.824292292102333, 0.8232984862107898, 0.8252583946042659, 0.8179117581530515, 0.8121858077241644]}, "vgg19.tv_in1k": {"train": [0.20135704656169423, 0.1928186606252339, 0.18757327083134798, 0.18463051482293058, 0.1822812715757305, 0.1799251358887953, 0.17792123528878864, 0.17624379570285478, 0.17492232844763533, 0.1734736029141984, 0.17191383990391, 0.17041280492837352, 0.16901941286566538, 0.16766508034756028, 0.16601326096787805, 0.16417380364960044], "val": [0.20004129393004574, 0.18832508314855742, 0.18556135557158743, 0.18200704333004217, 0.17983761232151368, 0.18183065571031684, 0.1785360518057809, 0.18353056134980952, 0.1773171738483185, 0.1784589126148413, 0.17758788610267084, 0.17820895991835006, 0.1788089229958132, 0.1759875122549792, 0.17866849313966585, 0.17876976241390113], "val_auroc": [0.7352555912352112, 0.7581702619657688, 0.7739534499377044, 0.7898213368722444, 0.7971625195243603, 0.7896193039305206, 0.8014030609347577, 0.7947576758867391, 0.8051101512469979, 0.8040491762446693, 0.8061222579751406, 0.8085304310257229, 0.8076718348653183, 0.8111761958844654, 0.8077524465843476, 0.8103696353728389]}}