val_auroc,val_aurocs_epoch,test_auroc,model_path,final_train_loss,train_loss_history,val_loss_history,val_No Finding,test_No Finding,val_Atelectasis,test_Atelectasis,val_Cardiomegaly,test_Cardiomegaly,val_Effusion,test_Effusion,val_Infiltration,test_Infiltration,val_Mass,test_Mass,val_Nodule,test_Nodule,val_Pneumonia,test_Pneumonia,val_Pneumothorax,test_Pneumothorax,val_Consolidation,test_Consolidation,val_Edema,test_Edema,val_Emphysema,test_Emphysema,val_Fibrosis,test_Fibrosis,val_Pleural_Thickening,test_Pleural_Thickening,val_Hernia,test_Hernia
0.8291796386340121,"[0.7681620541750345, 0.7920438408940533, 0.8067671025969376, 0.8149519870549133, 0.8157666062379563, 0.8227302632306449, 0.8276469325999326, 0.8327122841012676, 0.833763313061313, 0.8276192406880257, 0.8291796386340121]",0.8365955219429358,/student/csc490_project/shared/training_gamma/training_gamma_0.8/coatnet_2_rw_224.sw_in12k_ft_in1k.pt,0.16397960053120808,"[0.19740139923959485, 0.18580185593658588, 0.1810225691934063, 0.17805736808227451, 0.17528015890696305, 0.17305433670498008, 0.17098315195521205, 0.1691281487090074, 0.16745342383070327, 0.16553395142006438, 0.16397960053120808]","[0.1861134683388437, 0.17964356117556954, 0.17798377523675216, 0.1770541385184367, 0.17485626179692443, 0.17548507681051487, 0.17345815345774904, 0.17222789219623907, 0.17260237194890113, 0.17467513967976842, 0.17389923717480066]",0.7857156197212926,0.7882506493132151,0.8241330790947562,0.8164159289128633,0.9125263383704181,0.9010259572608706,0.8822774282290672,0.8850139270900595,0.7203076623857251,0.7152077676209498,0.8581873391922257,0.8511258364212158,0.7712265412702772,0.7854073444880366,0.7198138877926178,0.7612430770456748,0.8898702341350629,0.8742379353746633,0.7936837913181999,0.8038126573712896,0.8877268221175695,0.9073513728111943,0.9229171221999091,0.9289307010527822,0.7844760290561025,0.8282836436115829,0.7962778275014561,0.8109311739331531,0.8885548571255047,0.8916948568364886
