val_auroc,val_aurocs_epoch,test_auroc,model_path,final_train_loss,train_loss_history,val_loss_history,val_No Finding,test_No Finding,val_Atelectasis,test_Atelectasis,val_Cardiomegaly,test_Cardiomegaly,val_Effusion,test_Effusion,val_Infiltration,test_Infiltration,val_Mass,test_Mass,val_Nodule,test_Nodule,val_Pneumonia,test_Pneumonia,val_Pneumothorax,test_Pneumothorax,val_Consolidation,test_Consolidation,val_Edema,test_Edema,val_Emphysema,test_Emphysema,val_Fibrosis,test_Fibrosis,val_Pleural_Thickening,test_Pleural_Thickening,val_Hernia,test_Hernia
0.8163073840871748,"[0.8063961412347117, 0.8286662624193684, 0.8307470686518722, 0.823837909095096, 0.8163073840871748]",0.827861782092202,/student/csc490_project/shared/training_gamma/training_gamma_0.8/convnext_large.fb_in22k.pt,0.1388966912842863,"[0.18604051834805224, 0.17280391672535278, 0.16532463200723496, 0.15499827442615013, 0.1388966912842863]","[0.17709189728660465, 0.17356931437673265, 0.1731949175578044, 0.1774658186193339, 0.1849852038525738]",0.7730379675069243,0.7765456711600466,0.8125334440115416,0.8083836234994646,0.8758910572496574,0.8924284511811597,0.8699516435694876,0.8750158156940812,0.6986149700242155,0.7058079624552929,0.8504367610465741,0.8498926881490074,0.7690065926483848,0.7722181791642955,0.7356291227622469,0.7710322506740334,0.8530350925035423,0.8429961804977565,0.7808029286523912,0.7917909741512678,0.8572453378805001,0.8987098674052496,0.9203916099407903,0.9060474520103001,0.7799050475315678,0.8061815649733202,0.7622249215076219,0.8117922202491649,0.9059042644721792,0.9090838301185902
