val_auroc,val_aurocs_epoch,test_auroc,model_path,final_train_loss,train_loss_history,val_loss_history,val_No Finding,test_No Finding,val_Atelectasis,test_Atelectasis,val_Cardiomegaly,test_Cardiomegaly,val_Effusion,test_Effusion,val_Infiltration,test_Infiltration,val_Mass,test_Mass,val_Nodule,test_Nodule,val_Pneumonia,test_Pneumonia,val_Pneumothorax,test_Pneumothorax,val_Consolidation,test_Consolidation,val_Edema,test_Edema,val_Emphysema,test_Emphysema,val_Fibrosis,test_Fibrosis,val_Pleural_Thickening,test_Pleural_Thickening,val_Hernia,test_Hernia
0.8179924596765648,"[0.7877782946337696, 0.810792303138101, 0.8126951096157367, 0.8218988907760091, 0.8235369250158269, 0.8241807475566961, 0.8244662620563236, 0.8193713101583565, 0.8179924596765648]",0.8273465210380597,/student/csc490_project/shared/training_gamma/training_gamma_0.8/densenet121.pt,0.15930422423786023,"[0.19526008505192471, 0.18068369134230827, 0.17659417629332805, 0.17317594726668384, 0.1702807699049997, 0.16760254003622424, 0.1649865884000693, 0.16239989578905628, 0.15930422423786023]","[0.1817402335663521, 0.17761883077883098, 0.1781542644684398, 0.17526180144713455, 0.17446393273543392, 0.17422812528161027, 0.17498971494510338, 0.17748725314375532, 0.1786657229991803]",0.7785406963850078,0.7826431933496381,0.8132461614264568,0.8068947316646887,0.8812893487218929,0.8864873395931243,0.8783542947468386,0.8775350278732844,0.7009368762722723,0.7048604464841408,0.8505082402764476,0.8485445196671321,0.7554874159950431,0.7557851246689963,0.7009155759181723,0.7578388761239426,0.862093497204285,0.8497268977712611,0.7911605346730793,0.8005805238395285,0.8802374694855882,0.8995055201776044,0.923974978278257,0.9174060404921219,0.7882731913785134,0.8006770895312878,0.7667432411314268,0.8244838439726309,0.8981253732551902,0.8972286403615151
