val_auroc,val_aurocs_epoch,test_auroc,model_path,final_train_loss,train_loss_history,val_loss_history,val_No Finding,test_No Finding,val_Atelectasis,test_Atelectasis,val_Cardiomegaly,test_Cardiomegaly,val_Effusion,test_Effusion,val_Infiltration,test_Infiltration,val_Mass,test_Mass,val_Nodule,test_Nodule,val_Pneumonia,test_Pneumonia,val_Pneumothorax,test_Pneumothorax,val_Consolidation,test_Consolidation,val_Edema,test_Edema,val_Emphysema,test_Emphysema,val_Fibrosis,test_Fibrosis,val_Pleural_Thickening,test_Pleural_Thickening,val_Hernia,test_Hernia
0.8317574492959129,"[0.805926942329125, 0.8171647065191323, 0.8275590347605729, 0.8297960806898451, 0.8318000174733137, 0.8265123456463576, 0.8317574492959129]",0.8406648726293776,/student/csc490_project/shared/training_gamma/training_gamma_0.8/maxvit_rmlp_base_rw_224.sw_in12k_ft_in1k.pt,0.158304334740056,"[0.1904226139960129, 0.17860061004909317, 0.1735255261231971, 0.16993209118386957, 0.16630742838076218, 0.16281769104241356, 0.158304334740056]","[0.1797989392436521, 0.17547536810567646, 0.17271642488167557, 0.173669173198124, 0.17207761073950678, 0.17347774937001684, 0.17336514961450947]",0.7835572964346995,0.7857717581913861,0.8250870719273339,0.8204027408933628,0.8954410607253133,0.8976610407487038,0.8781539536820007,0.8821113355723662,0.7229286191261781,0.7154151219171135,0.8541466314429262,0.858931268219413,0.7735003937821011,0.7871140529405195,0.7285608944780579,0.7820978543822136,0.8843090753531594,0.875192266621327,0.8024783261342401,0.8104167718873276,0.8943474942992845,0.9060919989026125,0.9278730241844996,0.9351380069643589,0.8018856841745035,0.8316208144877081,0.7997265197687139,0.8273388720145632,0.904365693925683,0.8946691856976907
