val_auroc,val_aurocs_epoch,test_auroc,model_path,final_train_loss,train_loss_history,val_loss_history,val_No Finding,test_No Finding,val_Atelectasis,test_Atelectasis,val_Cardiomegaly,test_Cardiomegaly,val_Effusion,test_Effusion,val_Infiltration,test_Infiltration,val_Mass,test_Mass,val_Nodule,test_Nodule,val_Pneumonia,test_Pneumonia,val_Pneumothorax,test_Pneumothorax,val_Consolidation,test_Consolidation,val_Edema,test_Edema,val_Emphysema,test_Emphysema,val_Fibrosis,test_Fibrosis,val_Pleural_Thickening,test_Pleural_Thickening,val_Hernia,test_Hernia
0.8121858077241644,"[0.7796857401237028, 0.8120475722977323, 0.8150496321606829, 0.8239934010833566, 0.8232713354428766, 0.824292292102333, 0.8232984862107898, 0.8252583946042659, 0.8179117581530515, 0.8121858077241644]",0.8213195906064648,/student/csc490_project/shared/training_gamma/training_gamma_0.8/swin_large_patch4_window7_224.pt,0.14924476393763492,"[0.19119540245567518, 0.18050709086644456, 0.17621772672935593, 0.17296479926255298, 0.1698738978002069, 0.16658537855704988, 0.16280916503865303, 0.15907459760508766, 0.1545625556994805, 0.14924476393763492]","[0.182901211023374, 0.17705398825332955, 0.17637337877978246, 0.17376750884415193, 0.17338834226477978, 0.17478654947305142, 0.17412795924018462, 0.17615015085699948, 0.17943871353189786, 0.1834695104964424]",0.7734188265073862,0.7719502122676324,0.8138069868438884,0.8052136670218576,0.8768472363303951,0.8882834606120318,0.8774084087016912,0.8749518433266504,0.707022919358131,0.7077559634296045,0.8349267518231301,0.8332844090843348,0.7373409348896129,0.7456115400889138,0.7136484758205465,0.7493262985934948,0.8739503058008485,0.8684074395677631,0.777537399544568,0.7906558414016127,0.8705728967677848,0.8986441833311329,0.9195310117441264,0.9045982203819667,0.7790273714068272,0.8122813515407519,0.7649182400659196,0.8156514920973086,0.8628293502576093,0.8531779363519154
